大功能模块,功能项,功能操作（输入）,功能描述（处理逻辑）,预期结果（输出）,边界条件与特殊情况
产品概览,系统入口,进入系统首页,系统默认进入支付配置相关页面,用户可直接开始配置工作,若页面加载失败需提示重试
产品概览,导航使用,点击左侧菜单在模块间切换,按「游戏基础配置-商品配置-支付配置」浏览与操作,快速进入目标页面,页面跳转失败时提示并保留当前页
支付渠道管理,创建支付渠道,"点击创建，填写渠道名称、商户账号、我方签约主体（非必填）、渠道签约主体（非必填）、渠道参数等",系统校验必填项后保存,新渠道出现在列表中,必填未填或参数格式不正确时禁止保存并提示原因；两个签约主体字段可为空
支付渠道管理,查看渠道信息,点击列表「查看」,在侧边区域查看渠道详情,可看到该渠道当前配置,若数据不存在或已删除则提示记录不存在
支付渠道管理,编辑支付渠道,点击列表「编辑」并修改内容后保存（支持修改我方签约主体和渠道签约主体）,系统保存最新配置,列表展示更新后的信息,保存失败时保留已填写内容并提示失败原因；两个签约主体字段可留空
支付渠道管理,启用/禁用渠道,在编辑页切换状态并保存,控制渠道是否可被后续配置使用,状态变更后列表状态同步变化,未保存前离开页面需提示是否放弃修改
支付渠道管理,删除渠道,点击删除并二次确认,系统删除该渠道,列表中该条记录消失,取消确认不执行删除；删除失败需提示原因
支付渠道管理,搜索渠道,输入关键词后点击查询,按名称快速定位渠道,列表只显示匹配结果,无匹配结果时展示空状态
支付方式管理,创建支付方式,"点击创建，填写名称、类型、覆盖国家地区、覆盖币种、支付能力、退款支持、渠道映射",系统校验后保存,新支付方式可在列表和收银台配置中使用,国家地区/币种/能力等关键项未选时禁止提交
支付方式管理,全选国家地区与币种,在编辑页勾选全选,快速选择全部可用国家地区或币种,大幅减少多选操作成本,取消全选后应恢复为可手动多选
支付方式管理,查看与编辑支付方式,点击列表「查看」或「编辑」,进入侧边详情并可确认当前配置内容,保存后列表同步更新,若目标记录不存在需提示并返回列表
支付方式管理,删除支付方式,点击删除并确认,系统删除该支付方式,列表刷新后不再显示该记录,若该方式被其他配置使用应给出阻断或风险提示
支付方式管理,筛选支付方式,"按类型、名称筛选",快速缩小列表范围,展示匹配结果,重置后恢复全部数据
收银台管理,查看配置列表,进入收银台管理页,查看各国家地区/币种/支付环境下的收银台配置,可快速了解已有配置情况,列表为空时展示引导信息
收银台管理,创建收银台配置,点击「创建配置」并选择国家地区/币种/支付环境后配置支付方式,系统保存该组合下的展示顺序与推荐信息,新配置可在列表中查询到,关键条件未选全时不允许保存
收银台管理,编辑收银台配置,点击列表「编辑」进入配置页,对已有配置进行调整,保存后配置生效,保存失败时需提示并保留修改内容
收银台管理,查看收银台配置,点击列表「查看」,查看当前组合下的支付方式配置详情,便于核对线上策略,查看过程中应避免误触修改
收银台管理,删除收银台配置,点击删除并确认,移除该组合配置,列表中该配置消失,取消确认不删除；删除失败需提示
收银台管理,添加支付方式到收银台,在配置页点击添加并选择支付方式,将所选方式加入当前收银台列表,新增方式可继续排序与推荐设置,已添加的方式不应重复添加
收银台管理,调整支付方式顺序,拖拽支付方式卡片,改变用户在收银台看到的先后顺序,保存后按新顺序展示,未保存离开页面应提示可能丢失修改
收银台管理,推荐位设置,"勾选推荐并填写推荐文案",给重点支付方式增加推荐标识与文案,前台可按配置展示推荐信息,未勾选推荐时不展示推荐文案
收银台管理,筛选配置列表,"按国家地区、币种、支付环境查询",快速定位目标收银台配置,返回匹配记录,筛选条件过多导致无结果时提供清空筛选入口
游戏基础配置,查看基础配置,进入游戏基础配置页并点击查看,查看不同区域的基础信息,用于运营核对配置完整性,数据缺失时提示并支持返回
游戏基础配置,编辑或创建基础配置,点击编辑或创建按钮后填写信息并保存,维护游戏区域基础配置,保存后配置更新,必填缺失时提示并阻止提交
商品配置,浏览商品配置页,进入商品配置页面,查看商品管理相关信息与筛选区域,可进行后续商品配置操作,若当前功能未开放需明确标注
商品配置,筛选商品列表,"输入商品信息并搜索/重置",按条件查看商品列表,提高查找效率,无数据时展示空状态与清空筛选建议
商品配置,商品操作入口,点击添加/配置/查看,进入对应商品处理流程,支持后续扩展完整商品管理能力,未实现能力需有清晰提示避免误解
通用体验,统一操作按钮,在列表页使用「编辑/查看/删除」,不同模块操作方式保持一致,降低学习成本与误操作,查看与编辑若界面相同需有明显状态提示
通用体验,反馈提示,执行保存/删除/校验失败等操作,系统及时给出成功或失败提示,用户可明确知道操作结果,网络异常或超时需给出可理解提示
通用体验,分页与空状态,在列表中翻页或遇到空数据,系统展示分页信息与空状态文案,用户可持续浏览或调整筛选条件,页码越界或数据变化时应自动回到有效页
